,Title,Parsed_Ingredients,Ingredients,Instructions,Scores
0,Baked Slow Cooker Chicken,chicken,"1 (2 to 3 pound) whole chicken  , salt and pepper to taste  , 1 teaspoon paprika  ,  ","Wad three pieces of aluminum foil into 3 to 4 inch balls, and place them in the bottom of the slow cooker.
Rinse the chicken, inside and out, under cold running water. Pat dry with paper towels. Season the chicken with the salt, pepper and paprika, and place in the slow cooker on top of the crumpled aluminum foil.
Set the slow cooker to High for 1 hour, then turn down to Low for about 8 to 10 hours, or until the chicken is no longer pink and the juices run clear.
",0.0
1,Spicy Rapid Roast Chicken,chicken,"1 (3 pound) whole chicken  , 1 tablespoon olive oil  , 1/4 teaspoon salt  , 1/4 teaspoon ground black pepper  , 1/4 teaspoon dried oregano  , 1/4 teaspoon dried basil  , 1/4 teaspoon paprika  , 1/8 teaspoon cayenne pepper  ,  ","Preheat oven to 450 degrees F (230 degrees C).
Rinse chicken thoroughly inside and out under cold running water and remove all fat. Pat dry with paper towels.
Put chicken into a small baking pan. Rub with olive oil. Mix the salt, pepper, oregano, basil, paprika and cayenne pepper together and sprinkle over chicken.
Roast the chicken in the preheated oven for 20 minutes. Lower the oven to 400 degrees F (205 degrees C) and continue roasting to a minimum internal temperature of 165 degrees F (74 degrees C), about 40 minutes more. Let cool 10 to 15 minutes and serve.
",0.0
2,Fully Salted Roast Chicken ,chicken,"1 (3 1/2-4-lb.) chicken, Kosher salt","Pat dry chicken with paper towels. Holding a 5-finger pinch of salt and positioning your hand at least 10"" above chicken, evenly rain salt down over chicken. Repeat with several more pinches of salt until both inside and outside of chicken are covered with salt (be generous and make sure to get inside all the nooks and crannies). Place chicken on a wire rack set inside a rimmed baking sheet and chill uncovered at least 8 hours and up to 1 day. Let sit at room temperature 1 hour. Preheat oven to 425degF. Roast chicken until an instant-read thermometer inserted into the thickest part of chicken thigh registers 165degF, 40-55 minutes. Transfer chicken to a cutting board and let rest 15 minutes before carving. Divide pasta among bowls and top with chervil, if desired.
Pat dry chicken with paper towels. Holding a 5-finger pinch of salt and positioning your hand at least 10"" above chicken, evenly rain salt down over chicken. Repeat with several more pinches of salt until both inside and outside of chicken are covered with salt (be generous and make sure to get inside all the nooks and crannies). Place chicken on a wire rack set inside a rimmed baking sheet and chill uncovered at least 8 hours and up to 1 day.
Let sit at room temperature 1 hour.
Preheat oven to 425degF. Roast chicken until an instant-read thermometer inserted into the thickest part of chicken thigh registers 165degF, 40-55 minutes. Transfer chicken to a cutting board and let rest 15 minutes before carving.
Divide pasta among bowls and top with chervil, if desired.",0.0
3,Country Chicken,butter chicken chicken broth chicken cream,"1/2 cup butter  , 1 (4 pound) whole chicken, cut into pieces  , 1 pinch salt and pepper to taste  , 2 (14 ounce) cans chicken broth  , 2 cups water  , 2 cubes chicken bouillon  , 16 ounces sour cream  ,  ","Melt the butter in a large Dutch oven over medium-high heat. Season the chicken pieces with a little salt and pepper, then place them in the pan. Cook, turning as necessary, until the skin is evenly browned.
Pour the chicken broth and water into the pot, and bring to a boil. Stir in the bouillon cubes until dissolved. Simmer over low heat for 35 to 45 minutes, or until chicken is almost falling off of the bone.
Remove the chicken pieces from the pot and set aside. Stir the sour cream into the broth. Taste and adjust seasoning if needed. Serve chicken with sauce over rice or noodles.
",0.13281492856799004
4,Roast Chicken,chicken onion lemon garlic chicken chicken stock,"6 to 7 pound chicken, 1 large onion or lemon, 2 cloves garlic, minced, Salt and pepper, Juice and oil of roasted chicken, 1 cup canned chicken stock, Salt and pepper","Preheat oven to 425 degrees F. Remove giblet bag from cavity. Rinse chicken and pat dry. Stuff the chicken cavity with peeled onion or split lemon. Rub skin with minced garlic, salt and pepper. Roast in oven for approximately 10 minutes per pound, until juices run clear. The temperature of chicken should reach approximately 160 degrees. Let chicken sit to allow juices to reabsorb. Carve and serve.
Remove grease from the roasting pan using a large spoon, but leave brown bits and juices. On stove-top place pan over medium heat. Add chicken stock. Scrape up bits and bring to a simmer. Season and serve with carved chicken.",0.16568895264875783
5,Deviled Chicken I,chicken butter,"1 (2 to 3 pound) whole chicken, cut into pieces  , 1/2 cup melted butter, divided  , 1 tablespoon paprika  , 1 teaspoon salt  , 1 1/2 teaspoons dry mustard  , 1/2 teaspoon chili powder  , 1 pinch cayenne pepper  , 1/4 cup water  ,  ","Preheat oven to 350 degrees F (175 degrees C).
Dip chicken pieces into 1/4 cup melted butter and place in a 9x13 inch baking dish.
Bake at 350 degrees F (175 degrees C) for 30 minutes.
In a medium bowl combine remaining 1/4 cup melted butter with paprika, salt, mustard, chili powder, cayenne pepper water; mix together and pour mixture over chicken.
Bake at 350 degrees F (175 degrees C) for another 30 minutes.
",0.19222247705810613
6,Rotisserie Chicken,chicken butter,"1 (3 pound) whole chicken  , 1 pinch salt  , 1/4 cup butter, melted  , 1 tablespoon salt  , 1 tablespoon paprika  , 1/4 tablespoon ground black pepper  ,  ","Season the inside of the chicken with a pinch of salt. Place the chicken onto a rotisserie and set the grill on high. Cook for 10 minutes.
During that time, quickly mix together the butter, 1 tablespoon of salt, paprika and pepper. Turn the grill down to medium and baste the chicken with the butter mixture. Close the lid and cook for 1 to 1 1/2 hours, basting occasionally, until the internal temperature reaches 180 degrees F (83 degrees C) when taken in the thigh with a meat thermometer.
Remove from the rotisserie and let stand for 10 to 15 minutes before cutting into pieces and serving.
",0.19222247705810613
7,Roast Chicken with Rosemary,chicken onion,"1 (3 pound) whole chicken, rinsed  , salt and pepper to taste  , 1 small onion, quartered  , 1/4 cup chopped fresh rosemary  ,  ","Preheat oven to 350 degrees F (175 degrees C).
Season chicken with salt and pepper to taste. Stuff with the onion and rosemary. Place chicken in a 9x13 inch baking dish or roasting dish.
Roast in the preheated oven for 2 to 2 1/2 hours, or until chicken is cooked through and juices run clear. Cooking time will vary a bit depending on the size of the bird.
",0.20472906729664286
8,Moist Garlic Chicken,chicken butter garlic chicken breast,"2 cups water  , 2 cubes chicken bouillon  , 1/2 cup butter  , 1 tablespoon dried Italian seasoning (optional)  , 1/2 teaspoon dried dill weed (optional)  , 1 teaspoon garlic salt, or to taste  , 4 skinless, boneless chicken breast halves  ,  ","Pour the water into a microwave-safe casserole dish, and place in the microwave. Heat until boiling, about 2 minutes. Stir in bouillon cubes, butter, italian seasoning, dill, and garlic salt.
Pierce the chicken breasts with a fork on one side, and place the pierced side down in the casserole dish. The chicken should be almost covered by the liquid, if not completely covered.
Cover the dish, and cook in the microwave for 10 minutes, or until chicken is no longer pink, and juices run clear. If the chicken is not done after the 10 minutes, continue to cook at 1 1/2 minute intervals.
",0.24775256849250604
9,Marinated Grilled Chicken -- Village,lemon chicken,"1/2 cup lemon juice, 1/4 olive oil, 1/2 teaspoon salt, 1/2 teaspoon pepper, 1 tablespoon fresh oregano or 1/4 teaspoon dried, 2 whole chickens, quartered","Make marinade by combining lemon juice, olive oil, salt, pepper, and oregano. Place chicken in a dish with tall sides and pour marinade over chicken. Use spoon to baste chicken with marinade. Refrigerate for 2 to 24 hours--a longer marinade time will produce a more intense flavor. Remove from refrigerator and use a flat-sided utensil to gently scrape off any marinade solids. Grill chicken over high heat for a total of 20 minutes, turning over after first 10 minutes. Season with salt and pepper.",0.2738858182025895
10,Greek Chicken,chicken lemon,"1/2 chicken, Salt and pepper, 1 tablespoon finely chopped fresh oregano leaves, 1/2 lemon, juiced","Season 1/2 chicken with salt, pepper, oregano and lemon juice. Place on grill for about 30 minutes or until juices run clear.",0.2738858182025895
11,Simply Lemon Baked Chicken,chicken lemon,"1 (4 pound) whole chicken  , 2 tablespoons salt  , 1 lemon, halved  , 1 tablespoon paprika  , 1 cup water  ,  ","Preheat oven to 300 degrees F (150 degrees C).
Rub chicken with salt inside and out. Squeeze lemon juice from lemon halves over outside of chicken, then rub paprika over all. Place squeeze lemon halves inside chicken cavity, then place chicken in a lightly greased 9x13 inch baking dish. Pour a little water over chicken to prevent drying.
Bake at 300 degrees F (150 degrees C) for 3 hours, basting with water as needed.
",0.2738858182025895
12,"Chicken, Rice and Vegetable Soup",chicken broth chicken breast carrot onion celery chicken rice,"5 cups water  , 1 (14.5 ounce) can chicken broth  , 1 skinless, boneless chicken breast halves - cut into cubes  , 3 carrots, chopped  , 1 onion, chopped  , 3 stalks celery, chopped  , 2 cubes chicken bouillon  , 1/3 cup uncooked white rice  , salt and pepper to taste  ,  ","In a large saucepan over high heat, combine 4 cups water and the chicken broth and bring to a boil. Add the chicken, carrots, onion, celery and bouillon and reduce heat to low. Cover and simmer for about 15 minutes or until the vegetables are soft.
Add more water as necessary. Add the rice and allow to simmer for another 15 minutes, or until the rice is tender. Add salt and pepper to taste.
",0.29407323805229557
13,Grilled Chicken with Creamy Caper Sauce,chicken chicken breast lemon shallot garlic wine chicken stock cream,"4 chicken boneless skinless chicken breasts ""Thin- Sliced"", 2 teaspoons lemon pepper seasoning, 3 tablespoons olive oil, 1 shallot, diced, 1 tablespoon chopped garlic, 2 tablespoons capers, 1 cup white wine or chicken stock, 1 tablespoon Dijon mustard, 2 tablespoons freshly chopped parsley leaves, 2 tablespoons sour cream","Watch how to make this recipe.
Heat a grill pan or outdoor grill over medium to medium-high heat. Brush the grate of the grill with canola oil just before you grill the chicken. Season the chicken with lemon pepper and put on the grill. Grill for 4 to 5 minutes on each side.
Heat the olive oil in a medium skillet over medium heat. Add the shallot and garlic and saute for 2 minutes. Add the capers and white wine and reduce by half. Whisk in the mustard, and parsley and season with salt and pepper, to taste. Let simmer for 1 minute, then remove from heat and whisk in the sour cream.
Arrange the chicken on a platter and dollop with the creamy sauce.",0.2982990328474652
14,Chicken Paprikash I,chicken onion wine chicken broth cream,"1 (2 to 3 pound) whole chicken, cut into pieces  , 2 tablespoons olive oil  , salt and pepper to taste  , 1 cup chopped onion  , 1 tablespoon paprika  , 1/4 cup white wine  , 1/4 cup chicken broth  , 1/2 cup sour cream  ,  ","In a 12 inch skillet, heat olive oil and brown chicken on all sides. Season chicken with salt and pepper. Remove chicken and set aside.
Add onion to skillet. Cook just until tender, but not brown. Stir in paprika. Return chicken to skillet, turning to coat with paprika/onion mixture. Add wine and broth. Bring to a boil; reduce heat, cover and simmer for 40 minutes or until chicken is fully cooked and tender. Remove chicken and keep warm.
Boil skillet drippings until reduced to 1/2 cup liquid, about 3 minutes. Stir in 1/2 cup sour cream. Heat through. Serve chicken atop pasta if desired, and pour sauce over all.
",0.302730399812268
15,No Recipe Recipe: Roasting Chicken,chicken vegetable,"1 chicken, Vegetable oil, Kosher salt, Freshly ground black pepper","Heat oven to 400 degrees F and place rack in the middle.
Always wash and dry chicken on the inside so it doesn't steam and it bakes crispy.
Pat chicken dry with paper towels, drizzle with a few tablespoons of oil, and season generously with salt and freshly ground black pepper. (Make sure you season in the cavity, under the skin, and over the skin as this is the main seasoning. You could add a few teaspoons of a ground dried spice if you want to add flavor.) Let bird sit at room temperature while the oven heats up, about 20 to 30 minutes.
Place chicken on a roasting rack, on a cooling rack, on your toaster oven rack, or on a bed of vegetables (heads of garlic, halved onions, or lemons work) and set in a roasting pan or baking dish.
Roast until skin is golden-brown, about 20 to 30 minutes. Reduce heat to 375 degrees F and roast, basting with pan juices, until juices run clear when thigh is pierced and temperature is 160 degrees F, about 40 to 60 minutes more (depends on the size of the bird).
Let rest 10 to 15 minutes before carving.",0.3044419401699823
16,Incredible Chicken,chicken garlic sugar,"1 (4 pound) chicken, cut into pieces  , 1 teaspoon garlic salt  , 1/4 cup brown sugar  ,  ","Preheat oven to 375 degrees F (190 degrees C).
Arrange chicken skin side up in a lightly greased 9x13 inch baking dish. Season with garlic salt to taste. Then sprinkle with brown sugar and bake in the preheated oven for 1 hour. If chicken appears to be browning too much and getting dry, cover with foil for the last 15 to 20 minutes of baking.
",0.3065203310273139
17,Crunchy No-Fry Chicken,garlic chicken breast chicken stock,"3/4 cup finely crushed corn flakes  , 1/2 teaspoon garlic powder  , 1/8 teaspoon ground black pepper  , 1/8 teaspoon ground red pepper  , 4 skinless, boneless chicken breast halves  , 1/4 cup Swanson(r) Chicken Stock  ,  ","Stir the corn flakes, garlic powder, black pepper and red pepper in a shallow medium bowl.
Dip the chicken into the stock. Coat with the corn flake mixture. Place the chicken onto a baking sheet.
Bake at 400 degrees F for 20 minutes or until the chicken is cooked through.
",0.3103939441166762
18,Grilled Onions,onion butter chicken,"4 large onions  , 1/2 cup butter  , 4 cubes chicken bouillon  ,  ","Preheat grill for medium heat.
Peel outer layer off onions. Slice a small section off of one end of each onion, and make a small hole in the center. Fill the center of each onion with a bouillon cube and 2 tablespoons butter or margarine. Replace the top of the onion, and wrap in aluminum foil.
Place onions on grill over indirect heat, and close the lid. Cook for 1 hour, or until tender. Remove the tops, and cut into bite size chunks. Place in a serving dish with all the juices from the foil.
",0.31217350975270175
19,Simple Chicken Cacciatore,chicken onion garlic,"1 whole chicken, cut into 8 pieces  , 2 cups ketchup  , 1 green bell pepper, diced  , 1 onion, diced  , 1/2 cup water  , 1/4 cup oil  , 2 tablespoons white vinegar  , 1 teaspoon salt  , 1 teaspoon garlic powder  , 1/2 teaspoon ground black pepper  ,  ","Preheat oven to 350 degrees F (175 degrees C).
Arrange chicken pieces in a baking dish in a flat layer.
Stir ketchup, bell pepper, onion, water, oil, vinegar, salt, garlic powder, and black pepper together in a bowl; pour evenly over chicken pieces to coat.
Bake the chicken, basting occasionally, in the preheated oven until no longer pink at the bone and the juices run clear, about 2 hours. An instant-read thermometer inserted into the thickest part of the thigh, near the bone should read 165 degrees F (74 degrees C).
",0.3192566300712333
20,Balsamic Chicken  ,chicken broth sugar garlic chicken breast,"1/3 cup balsamic vinegar  , 1/2 cup chicken broth  , 2 tablespoons white sugar  , 1 clove garlic, minced  , 1 teaspoon dried Italian herb seasoning  , 4 skinless, boneless chicken breast halves  , 1 tablespoon olive oil  ,  ","Whisk together the balsamic vinegar, chicken broth, sugar, garlic, and Italian seasoning in a bowl, place the chicken breasts in the marinade, and marinate for 10 minutes on each side.
Heat the olive oil in a large skillet over medium-high heat. Remove the chicken from the marinade and reserve the marinade. Place the chicken in the heated pan and cook until they start to brown and are no longer pink inside, about 7 minutes per side. Pour the marinade into the skillet, and cook until it thickens slightly, turning the chicken breasts over once or twice, about 5 minutes.
",0.3200029224393034
21,Pollo Encebollado,chicken onion chicken broth orange lemon,"1 (4 pound) chicken, cut into pieces  , 1 tablespoon corn oil  , 3 onions, thinly sliced  , 1/2 cup chicken broth  , 3 tablespoons orange juice  , 2 tablespoons lemon juice  , salt and pepper to taste  ,  ","In a large skillet, heat corn oil over medium-high heat. Add chicken pieces and saute for 5 minutes, until lightly browned. Add onions and saute for 2 minutes more. Add juice, broth, salt and pepper. Stir all together. Cover skillet and reduce heat to low. Let simmer for 45 minutes or until chicken is cooked through and juices run clear.
",0.32045968664729585
22,Flo's Smothered Chicken,chicken flour celery onion garlic chicken broth homemade chicken stock,"1 chicken, 3 to 3 1/2 pounds, 1 teaspoon salt, 1/2 teaspoon freshly ground black pepper, 1/2 cup flour, 1 celery stalk, 2 onions, 2 cloves garlic, 1/2 teaspoon dried thyme, 2 tablespoons oil, 2 cups chicken broth or homemade chicken stock","Cut the chicken into serving pieces: the breast into halves, the legs and thighs separated, plus the wings, for a total of 8 pieces. Trim away any visible fat and discard. Rinse the chicken well under cold running water. Pat dry with paper towels. Sprinkle the chicken with the salt and black pepper. Place the chicken into a plastic or brown bag. Pour the flour into the bag and shake well to cover the chicken all over. Remove the chicken from the bag and dust off excess flour. Save 1 tablespoon of the flour to use to thicken the gravy. Dice the celery; slice the onions; and mince the garlic. Crush the thyme. Set aside. Heat the oil in a large skillet that has a cover. Add the chicken and saute over mediumlow heat for about 20 minutes, turning occasionally to brown evenly. When golden brown, push the chicken to the side of the pan. Add the reserved tablespoon of flour and saute, stirring until browned. Add the celery, onion, and garlic to the skillet and saute for 5 minutes, stirring occasionally, or until the vegetables are tender. Stir together the chicken and vegetables. Add the chicken broth. Bring to a gentle boil. Reduce the heat to very low, cover, and simmer the chicken for 20 to 25 minutes, or until the chicken is fork-tender and the juices run clear when pierced.;",0.32728291109839636
23,Easy Lemon Garlic Chicken,garlic chicken breast chicken broth lemon,"1 tablespoon olive oil  , 2 cloves garlic, minced  , 2 (6 ounce) chicken breasts  , 1/2 cup chicken broth  , 2 tablespoons lemon juice  ,  ","Heat olive oil in a skillet over medium heat; cook and stir garlic until fragrant, about 1 minute. Add chicken and cook until browned, about 4 minutes per side.
Pour broth over chicken and cover skillet; lower heat to low and simmer until chicken is no longer pink in the center, about 30 minutes. An instant-read thermometer inserted into the center should read at least 165 degrees F (74 degrees C). Transfer chicken to a plate, reserving broth mixture in the skillet.
Pour lemon juice into broth mixture and simmer until liquid is reduced by 1/3, 2 to 3 minutes. Return chicken to the skillet and cook until heated through, 2 to 3 minutes per side.
",0.3349810507509673
24,Lemon Garlic Chicken Breasts,garlic chicken breast chicken broth lemon,"cooking spray  , 1 clove garlic, minced  , 4 skinless, boneless chicken breast halves  , salt and ground black pepper to taste  , 3/4 cup chicken broth  , 1 tablespoon lemon juice  ,  ","Lightly spray a nonstick skillet with cooking spray and place over low heat; cook and stir garlic until fragrant and lightly browned, 2 to 3 minutes.
Season chicken with salt and pepper and place in skillet with garlic; cook over medium heat until browned on both sides, 10 to 12 minutes. Add chicken broth and lemon juice; bring to a boil. Reduce heat to medium-low, cover skillet, and simmer until chicken is no longer pink in the center, 10 to 15 minutes. An instant-read thermometer inserted into the center should read at least 165 degrees F (74 degrees C).
Transfer chicken to a serving dish, reserving liquid in skillet. Continue simmering liquid until slightly reduced, about 3 minutes. Pour liquid over chicken.
",0.3349810507509673
25,Easy Coq Au Vin,vegetable chicken garlic wine chicken stock onion,"1 tablespoon vegetable oil  , 1 (4 pound) whole chicken, cut into pieces  , 1 teaspoon salt  , 1/4 teaspoon ground black pepper  , 1/4 teaspoon garlic powder  , 1 1/2 cups red wine  , 1 1/2 cups chicken stock  , 1 onion  , 1 tablespoon cornstarch  , 1/3 cup water  ,  ","Heat oil in a large skillet over medium high heat. Season chicken parts with salt, pepper and garlic powder and saute until lightly browned, about 5 to 7 minutes.
Place wine in a shallow dish or bowl. Dip chicken pieces into wine, one at a time, and return to skillet. Add any remaining wine, stock and onions, stir together and reduce heat to medium.
Cover skillet and cook for 30 minutes or until chicken is cooked through and no longer pink inside. In a small bowl, mix together cornstarch and water and add mixture to sauce to thicken; cook an additional 2 to 3 minutes and serve.
",0.3445532063756218
26,Jalapeno Chicken,chicken chicken broth lime jalapeno,"2 teaspoons ground cinnamon  , 2 teaspoons chili powder  , 1 teaspoon ground cumin  , 2 teaspoons salt  , 1 teaspoon black pepper  , 1 whole chicken, cut into pieces  , 1 cup chicken broth  , 2 tablespoons honey  , 2 limes, juiced  , 1/2 jalapeno pepper, minced  ,  ","Preheat oven to 450 degrees F (230 degrees C). Lightly grease a medium baking sheet.
In a small bowl, mix cinnamon, chili powder, cumin, salt, and pepper. Rub chicken pieces with the mixture, and arrange on the prepared baking sheet.
In a medium saucepan over medium-high heat, blend chicken broth, honey, lime juice, and jalapeno. Cook and stir until thickened.
Place chicken in the preheated oven and cook about 15 minutes. Begin basting periodically with the chicken broth mixture. Continue cooking 30 minutes, or until the chicken is no longer pink and juices run clear.
",0.3472983385234004
27,Upside Down Chicken Rice,chicken onion carrot rice chicken broth,"1 (6 pound) whole chicken, skin removed and cut into pieces  , 1 medium onion, chopped  , 2 cinnamon sticks  , 4 carrots, peeled and cut into large chunks  , 1 1/4 cups canola oil  , 4 1/2 cups long grain rice, rinsed and drained  , 1 teaspoon ground cinnamon  , 1 teaspoon ground black pepper  , salt to taste  , 5 cups chicken broth  , 3/4 cup chopped almonds  , 3/4 cup canola oil, divided  , 1/4 cup pine nuts  ,  ","Trim any fat off the chicken and wash with water. Place the chicken, onion, cinnamon sticks, and carrots in a pot; fill with water, and boil until the chicken and carrots are done. Reserve the broth, chicken, and carrots.
Remove bones from chicken. Warm 1 1/4 cup canola oil in a large pot over medium-high heat. Place chicken and carrots in the pot; fry for 2 minutes.
In a bowl, stir together the rice, ground cinnamon, pepper, and salt. Pour the rice mixture evenly across the top of the chicken without stirring into the chicken. Pour in the chicken broth. Bring to a boil. Cover, reduce heat to medium, and simmer until rice is tender, 20 to 35 minutes.
Heat 1/2 cup canola oil in a skillet over medium heat. Stir in chopped almonds, and fry until golden. Remove almonds to paper towels, and drain oil.
Heat 1/4 cup canola oil in a skillet over medium heat. Stir in pine nuts, and cook until golden. Drain oil, and remove pine nuts to paper towels.
Over a large dish or tray, flip the rice pot upside down, and release the contents onto the tray or dish. Arrange the almonds and pine nuts on top.
",0.3486196543829936
28,Crunchy No Fry Chicken,garlic chicken stock chicken breast about,"3/4 cup finely crushed corn flakes, 1/2 teaspoon garlic powder, 1/4 cup Swanson(r) Chicken Stock, 1/8 teaspoon ground black pepper, 1/8 teaspoon ground red pepper, 4 skinless, boneless chicken breast half (about 1 pound)","Heat the oven to 400 degrees F.
Stir the corn flakes, garlic powder, black pepper and red pepper in a shallow medium bowl.
Dip the chicken into the stock. Coat with the corn flake mixture. Place the chicken onto a baking sheet.
Bake for 20 minutes or until the chicken is cooked through.",0.3517537436964452
29,Chicken Velvet Soup,butter allpurpose flour chicken broth milk cream chicken,"6 tablespoons butter  , 1/3 cup all-purpose flour  , 3 cups chicken broth  , 1/2 cup milk  , 1/2 cup light cream  , 1 cup finely chopped cooked chicken  ,  ","Melt butter in a pot over medium-high heat. Whisk flour into butter until mixture forms a smooth paste, about 1 minute.
Whisk chicken broth, milk, and light cream into butter mixture; cook and stir until mixture comes to a boil and thickens, 5 to 10 minutes. Reduce heat to medium, stir in cooked chicken. Return soup to a boil and cook until chicken is heated through, 5 to 10 minutes.
",0.3546790174858926
30,Braised Chicken Thighs and Legs with Tomato,chicken thigh chicken onion garlic tomato,"4 tablespoons canola oil, 6 chicken thighs, 6 chicken legs, Kosher salt, 1 teaspoon whole cumin seeds, 2 teaspoons chili flakes, 1 large white onion, peeled, halved and thinly sliced, 1 large ginger knob, peeled and grated, 6 garlic cloves, peeled and halved lengthwise, 1 (28-ounce) can whole, peeled tomatoes, 2 cinnamon sticks, 4 fresh or dried bay leaves, Water, as needed","Watch how to make this recipe.
Heat the canola oil in a large skillet over high heat. Arrange the chicken thighs and legs on a tray in a single layer and season them with salt, to taste. Turn the pieces on their other side and season again. When the oil begins to smoke lightly, carefully add the chicken to the oil. Do not overcrowd the pan. Resist the temptation to move or turn the pieces. Allow them to brown on their first side, about 3 to 5 minutes. Use metal tongs to turn the chicken pieces to sear their second side, about 3 to 5 minutes. Transfer the chicken to a tray and set it aside.
In the same skillet, add the cumin seeds and chili flakes, stirring rapidly to give them a quick toast, about 10 to 15 seconds. Add the onions, ginger and garlic and stir to combine. Season the ingredients with salt, to taste, then add the tomatoes, cinnamon, and bay leaves. Allow the mixture to cook and all the flavors to come together, about 10 minutes. Add the chicken back to the pan, keep the heat low and continue cooking until the chicken is cooked through, 30 to 45 minutes. (Chef's note: If the sauce becomes overly thick or begins to stick to the bottom of the skillet, feel free to add some water, about 1/2 cup at a time.)
When the chicken is cooked through, remove and discard the cinnamon sticks and bay leaves. Taste for seasoning and transfer to a serving bowl. Serve alongside the braised cabbage, if desired.",0.3608780529282535
31,Grilled Bone-in Chicken Breasts and Pieces ,chicken breast bonein chicken,"Chicken breasts, bone-in, or chicken pieces, Olive oil, Kosher salt and freshly ground black pepper","Grilling Method: Indirect/Medium Heat Remove and discard excess fat from chicken. Pat dry. Brush lightly with oil. Season with salt and pepper. Place chicken, bone-side down, in center of cooking grate. You do not need to turn the chicken pieces. Grill-roast until breast meat near bone registers 165degF and thigh meat registers 180degF. If you don't have a meat thermometer, cook until the chicken meat is no longer pink and the juices run clear. Remove and let sit 5 to 10 minutes before serving.
Grilling Method: Indirect/Medium Heat
Remove and discard excess fat from chicken. Pat dry. Brush lightly with oil. Season with salt and pepper. Place chicken, bone-side down, in center of cooking grate. You do not need to turn the chicken pieces.
Grill-roast until breast meat near bone registers 165degF and thigh meat registers 180degF. If you don't have a meat thermometer, cook until the chicken meat is no longer pink and the juices run clear. Remove and let sit 5 to 10 minutes before serving.",0.36356978440001564
32,Grilled Chicken Moroccan Style ,wine sugar chicken breast rib crosswise chicken chicken thigh,"1 cup olive oil, 1/4 cup red wine vinegar, 3 tablespoons ground cumin, 1 1/2 tablespoons ground coriander, 2 teaspoons ground cinnamon, 2 teaspoons salt, 2 teaspoons sugar, 1/4 teaspoon cayenne pepper, 4 large chicken breast halves with skin and ribs, cut crosswise in half, 4 chicken legs, 4 chicken thighs, 1/4 cup minced fresh parsley","Whisk first 8 ingredients in large glass baking dish. Add all chicken; turn to coat. Cover with plastic wrap; chill 4 to 6 hours. Prepare barbecue (medium heat). Place marinade-coated chicken on barbecue. Grill chicken until just cooked through, occasionally brushing with any remaining marinade, about 10 minutes per side for breasts and about 12 minutes per side for leg and thigh pieces. Transfer chicken to platter. Sprinkle with parsley.
Whisk first 8 ingredients in large glass baking dish. Add all chicken; turn to coat. Cover with plastic wrap; chill 4 to 6 hours.
Prepare barbecue (medium heat). Place marinade-coated chicken on barbecue. Grill chicken until just cooked through, occasionally brushing with any remaining marinade, about 10 minutes per side for breasts and about 12 minutes per side for leg and thigh pieces. Transfer chicken to platter. Sprinkle with parsley.",0.3635756286476438
33,Scrumptious Baked Chicken and Potatoes,chicken potato,"5 pounds chicken parts  , 1 cup water  , 6 potatoes, quartered  , 2 tablespoons olive oil  , 2 teaspoons crushed dried rosemary  , 2 teaspoons crushed dried thyme  , salt and ground black pepper to taste  ,  ","Preheat an oven to 350 degrees F (175 degrees C).
Place the chicken pieces in a large baking dish; pour the water into the bottom of the dish. Arrange the potatoes around and over the chicken pieces. Drizzle the olive oil over the mixture; season with the rosemary, thyme, salt, and pepper.
Bake the chicken in the preheated oven until no longer pink at the bone and the juices run clear, about 1 hour. An instant-read thermometer inserted into the thickest part of the thigh, near the bone should read 180 degrees F (82 degrees C).
",0.36373731129849973
34,Honey Brined Chicken with Lemon and Sage,chicken garlic lemon,"1 (3 to 4 pound) whole chicken, 4 ounces honey, 4 ounces salt, 1 quart water, 2 bay leaves, 2 cloves garlic sliced, 6 sage leaves, 6 thin slices lemon seeds removed, 2 ounces olive oil","Mix honey, salt, water, bay leaves, and garlic together. Pull skin away from chicken just enough to place sage leaves and lemon slices under skin. Truss the chicken and tie the other end of the butcher's twine to the pot handle for a quick retrieval of the brined chicken. Place chicken in liquid and let sit in cooler for 12 hours.
Preheat oven to 375 degrees F.
Place chicken on roasting rack in oven and brush with olive oil. Bake for about 45 to 50 minutes or until juices run clear.",0.3641570974030198
35,Mediterranean Lemon Chicken,lemon garlic chicken,"1 lemon  , 2 teaspoons dried oregano  , 3 cloves garlic, minced  , 1 tablespoon olive oil  , 1/4 teaspoon salt  , 1/4 teaspoon ground black pepper  , 6 chicken legs  ,  ","Preheat oven to 425 degrees F (220 degrees C).
In a 9x13 inch baking dish, grate the peel from 1/2 the lemon, squeeze out the juice (about 1/4 cup) and add to peel with the oregano, garlic, oil, salt and pepper. Stir until mixed.
Remove skin from chicken pieces and discard. Coat chicken pieces with the lemon mixture and arrange, bone-side up, in the baking dish. Cover dish and bake for 20 minutes. Turn and baste chicken.
Reduce heat to 400 degrees F (205 degrees C) and bake uncovered, basting every 10 minutes, for about 30 more minutes. Serve chicken with pan juices.
",0.3641570974030198
36,Broiled Chicken with Rosemary and Garlic ,lemon chicken garlic,"1 lemon, 3 lb chicken parts, 1 teaspoon salt, 1/2 teaspoon black pepper, 1 tablespoon minced fresh rosemary, 1 teaspoon minced garlic","Preheat broiler. Remove 4 (3- by 1/2-inch) strips of zest from lemon with a vegetable peeler, avoiding white pith, then cut strips diagonally into thin strips. Halve lemon, then squeeze juice into a small bowl. Put chicken in a large bowl with salt, pepper, and 1 tablespoon lemon juice and toss to coat. Transfer chicken, skin sides down, to rack of a broiler pan and broil 3 to 4 inches from heat, turning over every 5 minutes, 15 minutes total. Remove broiler pan from oven, then transfer chicken to a plate with tongs. Carefully remove rack from broiler pan and add zest, rosemary, garlic, and remaining lemon juice to juices accumulated in bottom of broiler pan. Transfer chicken to pan juices, then toss to coat and arrange chicken skin sides up. Return broiler pan to oven and broil chicken until cooked through, 3 to 5 minutes more. Transfer chicken to a platter and pour any juices from broiler pan over it.
Preheat broiler.
Remove 4 (3- by 1/2-inch) strips of zest from lemon with a vegetable peeler, avoiding white pith, then cut strips diagonally into thin strips. Halve lemon, then squeeze juice into a small bowl.
Put chicken in a large bowl with salt, pepper, and 1 tablespoon lemon juice and toss to coat. Transfer chicken, skin sides down, to rack of a broiler pan and broil 3 to 4 inches from heat, turning over every 5 minutes, 15 minutes total.
Remove broiler pan from oven, then transfer chicken to a plate with tongs. Carefully remove rack from broiler pan and add zest, rosemary, garlic, and remaining lemon juice to juices accumulated in bottom of broiler pan.
Transfer chicken to pan juices, then toss to coat and arrange chicken skin sides up. Return broiler pan to oven and broil chicken until cooked through, 3 to 5 minutes more.
Transfer chicken to a platter and pour any juices from broiler pan over it.",0.3641570974030198
37,Roasted Lemon Herb Chicken,garlic chicken lemon,"2 teaspoons Italian seasoning  , 1/2 teaspoon seasoning salt  , 1/2 teaspoon mustard powder  , 1 teaspoon garlic powder  , 1/2 teaspoon ground black pepper  , 1 (3 pound) whole chicken  , 2 lemons  , 2 tablespoons olive oil  ,  ","Preheat oven to 350 degrees F (175 degrees C).
Combine the seasoning, salt, mustard powder, garlic powder and black pepper; set aside. Rinse the chicken thoroughly, and remove the giblets. Place chicken in a 9x13 inch baking dish. Sprinkle 1 1/2 teaspoons of the spice mixture inside the chicken. Rub the remaining mixture on the outside of the chicken.
Squeeze the juice of the 2 lemons into a small bowl or cup, and mix with the olive oil. Drizzle this oil/juice mixture over the chicken.
Bake in the preheated oven for 1 1/2 hours, or until juices run clear, basting several times with the remaining oil mixture.
",0.3641570974030198
38,Moist Garlic Roasted Chicken,chicken lemon garlic,"1 (4 pound) whole chicken  , salt and pepper to taste  , 1 large lemon, sliced  , 6 cloves garlic, sliced  , 6 sprigs thyme  ,  ","Preheat oven to 325 degrees F (165 degrees C).
Place a large sheet of parchment paper into the middle of a roasting tray. The parchment must be large enough to completely envelop the chicken. Season the chicken with salt and pepper, stuff with half of the lemon slices, and place breast side up in the middle of the parchment paper. Sprinkle garlic slices, and thyme sprigs evenly over the chicken. Lay the remaining lemon slices over the breast. Fold the parchment over the chicken forming a loose parcel.
Bake in the preheated oven until the chicken has cooked, about 1 1/2 to 2 hours. A meat thermometer inserted into thickest part of the thigh should reach 180 degrees F.
",0.3641570974030198
39,Greek Chicken,garlic lemon chicken,"1/2 cup olive oil  , 3 cloves garlic, chopped  , 1 tablespoon chopped fresh rosemary  , 1 tablespoon chopped fresh thyme  , 1 tablespoon chopped fresh oregano  , 2 lemons, juiced  , 1 (4 pound) chicken, cut into pieces  ,  ","In a glass dish, mix the olive oil, garlic, rosemary, thyme, oregano, and lemon juice. Place the chicken pieces in the mixture, cover, and marinate in the refrigerator 8 hours or overnight.
Preheat grill for high heat.
Lightly oil the grill grate. Place chicken on the grill, and discard the marinade. Cook chicken pieces up to 15 minutes per side, until juices run clear. Smaller pieces will not take as long.
",0.3641570974030198
40,Mom's Chicken En Cocotte,chicken carrot potato celery onion garlic chicken,"2 tablespoons olive oil  , 1 (3 1/2) pound whole chicken, cut into 8 pieces  , salt and ground black pepper to taste  , 8 carrots, peeled and cut into 1-inch pieces  , 8 potatoes, quartered  , 4 stalks celery, cut into 1-inch pieces  , 1/2 large onion, chopped  , 2 cloves garlic, chopped  , 2 chicken bouillon cubes  , 2 1/2 cups water  ,  ","Preheat oven to 350 degrees F (175 degrees C).
Pour the olive oil into the bottom of a heavy Dutch oven, and place over medium heat. Sprinkle the chicken pieces with salt and black pepper, and cook in the hot oil until browned on both sides, 5 to 8 minutes per side. Add the carrots, potatoes, celery, onion, garlic, chicken bouillon cubes, and water, and stir to combine. Bring to a boil, and cover the Dutch oven.
Place the Dutch oven into the preheated oven, and simmer, covered, until the vegetables are tender, about 45 minutes.
",0.3642160612158343
41,Easy Chicken Tetrazzini,spaghetti chicken breast cream chicken soup butter chicken cheddar cheese,"1 pound cooked and drained spaghetti  , 5 chicken breasts, cooked and cubed  , 2 (10.75 ounce) cans condensed cream of chicken soup  , 2 1/4 cups water  , 1/4 cup butter  , 2 cubes chicken bouillon  , 1/4 cup shredded Cheddar cheese  ,  ","Put cooked spaghetti into 9x13-inch baking dish. Place chicken on top of spaghetti.
In medium saucepan heat together soup, water, butter, and bouillon. Bring to a boil and then pour over the pasta and chicken. Put shredded cheese (to taste) on top and press down a bit.
Bake at 350 degrees F (175 degrees C) for 25 minutes.
",0.3644980021395957
42,Straciatella (Italian Egg Drop Soup),chicken stock chicken broth egg parmesan,"5 cups chicken stock or canned chicken broth, 2 large eggs, 3 tablespoons freshly grated Parmesan, or to taste, 1/4 cup minced fresh Italian parsley, Salt and freshly ground pepper, to taste","In a large saucepan bring stock to a boil over moderate heat. In a bowl beat together the eggs, Parmesan and parsley. Reduce the heat to low and drizzle eggs into stock, gently stirring. Simmer, stirring, just until eggs are set. Season with salt and pepper.",0.3645961053331621
43,Pan-Seared Chicken with Thyme,chicken chicken breast make cutlet flour chicken stock wine chicken granule butter,"Chicken:  , 4 skinless, boneless chicken breast halves, cut in half lengthwise to make thin cutlets  , salt and ground black pepper to taste  , 1 teaspoon dried thyme  , 1/4 cup flour  , 4 tablespoons olive oil  , Sauce:  , 2 sprigs fresh thyme  , 1 cup Swanson(r) Chicken Stock  , 1/4 cup white wine  , 2 teaspoons chicken bouillon granules  , 2 teaspoons cold butter  , salt and ground black pepper to taste  ,  ","Season both sides of chicken with salt, pepper, and dried thyme. Place flour in a shallow dish and dredge both sides of chicken pieces in flour.
Heat oil in pan over medium-high heat. When oil starts to shimmer, add the chicken. (If the chicken browns too quickly, reduce heat.) Cook, turning as needed, until chicken is browned on both sides, is no longer pink in the center, and the juices run clear, 4 or 5 minutes total on each side. An instant-read thermometer inserted into the center should read at least 165 degrees F (74 degrees C). Transfer chicken to a plate and tent with foil.
In the same pan, reduce heat to low and add thyme sprigs and cook until aromatic, 1 or 2 minutes. Increase heat to high; pour in Swanson(R) Chicken Stock and wine. Stir up browned bits to deglaze the pan. Add the chicken bouillon granules and mix well. Reduce heat to medium and cook until sauce reduces and is slightly thickened, about 5 minutes. Remove pan from heat.
Remove and discard the thyme sprigs. Add to the pan any accumulated juices from the tented chicken plate. Finish the sauce by whisking in the cold butter. Season with salt and pepper to taste.
Spoon sauce over chicken before serving.
",0.3651120504359142
44,Pan-Roasted Chicken Breasts,chicken breast apple butter chicken broth,"4 boneless chicken breast halves with skin  , salt and freshly ground black pepper to taste  , 1 tablespoon chopped fresh herbs (thyme, parsley, rosemary) (optional)  , 2 tablespoons olive oil  , 1/4 cup apple cider vinegar  , 4 tablespoons cold butter, cut into small pieces  , 1 tablespoon chicken broth (or water), if needed to thin sauce  ,  ","Season chicken on both sides with salt and pepper.
Heat olive oil in a heavy skillet over medium-high heat until it starts to shimmer. Place chicken breasts in skillet skin side down. Sprinkle with fresh herbs. Do not disturb the breasts until the skin side sears, 5 or 6 minutes. Turn chicken.
Cook until internal temperature reaches 150 degrees F, about 5 minutes. Add vinegar and butter to pan with chicken. Shake pan gently until butter melts and internal temperature of chicken reaches 160 to 165 degrees F, 2 to 3 minutes more. Add a splash of chicken broth or water if sauce needs to be thinned.
",0.36737581422151
45,Chicken Piccata II,chicken breast egg lemon allpurpose flour garlic butter chicken,"4 skinless, boneless chicken breasts  , 1 egg  , 3 tablespoons lemon juice  , 1/4 cup all-purpose flour  , 1/8 teaspoon garlic powder  , 1/8 teaspoon paprika  , 1/4 cup butter  , 2 teaspoons chicken bouillon powder  , 1/2 cup boiling water  ,  ","In a small bowl, beat the egg together with 1 tablespoon of the lemon juice. Set aside.
In a shallow bowl or dish mix together the flour, garlic powder and paprika. Dip the chicken in the egg/lemon mixture, then in the seasoned flour.
In a large skillet, melt butter/margarine and brown the coated chicken pieces.
Dissolve the bouillon in the boiling water, then add the remaining 2 tablespoons of lemon juice. Pour liquid into skillet. Cover and let simmer for 20 minutes, turning chicken pieces after 10 minutes, until chicken is tender. Garnish as desired and serve.
",0.37572164264540087
46,Baked Spiced Chicken,sugar chicken vegetable,"1 tablespoon mild paprika  , 1 tablespoon dried parsley  , 2 teaspoons brown sugar  , 1 teaspoon dry mustard powder  , 2 teaspoons salt  , 1 teaspoon black pepper  , 1 (3 1/2) pound whole chicken, cut into pieces  , 2 tablespoons vegetable oil  ,  ","Preheat an oven to 400 degrees F (200 degrees C). Combine the paprika, parsley, sugar, mustard, salt, and pepper in a small bowl; set aside.
Place the chicken pieces in a 9x13 inch baking dish, and coat with the vegetable oil; arrange skin-side up. Sprinkle evenly with the spice mixture.
Bake the chicken in the preheated oven until no longer pink at the bone and the juices run clear, about 45 minutes. An instant-read thermometer inserted near the bone should read 165 degrees F (74 degrees C).
",0.3761647024077116
47,Dry Brined Roasted Chicken,chicken orange,"1 whole chicken  , 2 tablespoons salt, or as needed  , 2 teaspoons grated orange zest  , 1 teaspoon dried rosemary  , 1 teaspoon dried thyme  ,  ","Remove chicken from packaging, remove giblet packet from cavity, and pat thoroughly dry with paper towels. Place in a 9x13-inch baking dish.
Mix salt, orange zest, rosemary, and thyme together in a small bowl; rub 3/4 of the mixture all over outside of chicken; rub remaining mixture inside cavity. Cover loosely with plastic wrap and refrigerate 1 to 3 days.
Preheat oven to 350 degrees F (175 degrees C). Remove plastic wrap from chicken.
Bake chicken in preheated oven until no longer pink at the bone and the juices run clear, 2 to 2 1/2 hours depending on size. An instant-read thermometer inserted into the thickest part of the thigh near the bone should read 165 degrees F (74 degrees C). Remove chicken from the oven, cover with a doubled sheet of aluminum foil, and allow to rest in a warm area for 20 minutes before carving.
",0.376527855220237
48,Pan Sauce Chicken,chicken breast allpurpose flour wine chicken broth,"4 skinless, boneless chicken breast halves  , 1/2 teaspoon salt  , 1/2 teaspoon ground black pepper  , 1/2 teaspoon seasoned salt  , 3 tablespoons all-purpose flour  , 3 tablespoons water  , 1 cup white wine  , 1 cup chicken broth  , 2 teaspoons chopped Italian herbs  ,  ","Season chicken breasts with salt, pepper and seasoned salt. In a small bowl, combine flour and water and mix until no lumps remain and the mixture is completely smooth.
Heat 1 tablespoon oil in a large skillet over high heat. Add chicken and brown for 3 to 4 minutes each side. Remove chicken to a plate or platter.
Deglaze skillet with wine and broth and bring to simmer over medium low heat. When simmering, add herbs; whisk in flour mixture. Return to simmer, reduce heat to low and return chicken to skillet with juices.
Cover skillet and simmer gently for 20 to 30 minutes, or until chicken is cooked through (no longer pink inside), turning frequently.
",0.38084587154995253
49,Chili Chicken Stew,vegetable onion cream chicken soup chicken broth chicken meat tomato vegetable,"2 tablespoons vegetable oil  , 1 green bell pepper, chopped  , 1 onion, chopped  , 1 (10.75 ounce) can condensed cream of chicken soup  , 2 (14.5 ounce) cans chicken broth  , 1 teaspoon chili powder  , 2 cups cubed, cooked chicken meat  , 1 (14.5 ounce) can diced tomatoes  , 1 (16 ounce) package frozen mixed vegetables  ,  ","In a saucepan over medium heat, heat oil. Cook green bell pepper and onion until tender, stirring often.
Add cream of chicken soup, broth, chili powder and cooked chicken. Bring to a boil and then simmer for 10 minutes.
Add tomatoes and mixed vegetables. Cook for 30 minutes and then serve.
",0.3809762333131317
50,Braised Chicken Sausages,chicken sausage chicken stock extravirgin onion,"2 pounds fresh chicken sausage, 1 pint chicken stock, 1/4 cup balsamic vinegar, 2 tablespoons extra-virgin olive oil, 1 medium red onion, sliced","Put all ingredients in a large high sided saute pan. Bring to a boil, reduce heat to medium-high and cook until stock has evaporated and a glaze has formed over all. With tongs toss sausages with onions and serve.",0.38114856390139706
51,Creamy Chicken,chicken breast garlic cream chicken soup,"4 skinless, boneless chicken breast halves  , 1/2 teaspoon salt  , 1/2 teaspoon ground black pepper  , 1/2 teaspoon garlic powder  , 1 (10.75 ounce) can condensed cream of chicken soup  ,  ","Preheat oven to 375 degrees F (190 degrees C).
Clean chicken breasts and season with salt, pepper and garlic powder (or whichever seasonings you prefer) on both sides of chicken pieces.
Bake for 25 minutes, then add cream of chicken soup and bake for 10 more minutes (or until done). Serve over rice or egg noodles.
",0.38341917070039444
52,Chicken Bouillon Rice,rice chicken,"4 cups water  , 2 cups uncooked white rice  , 2 cubes chicken bouillon  ,  ","In a saucepan bring water to a boil. Add rice and bouillon and stir. Reduce heat, cover and simmer for 20 minutes. Mix well before serving.
",0.3845866785013141
53,A Nineties Twist to a Grandmother's Roast Chicken ,garlic chicken vegetable,"4 cloves garlic or to taste, 1 4-pound chicken, cut into 8 pieces, salt and freshly ground pepper to taste, sprigs of fresh rosemary, thyme, and sage, 1/4 cup vegetable or olive oil","Smash the garlic slightly with a knife and rub into the chicken well. Salt and pepper the chicken and cover with the herbs. Dribble with a little of the vegetable or olive oil. Cover and leave in the refrigerator overnight, turning the herbs and chicken once. Remove the herbs from the chicken. Heat a heavy ovenproof skillet large enough to hold all the pieces. Add the remaining tablespoon or 2 of the oil and place the chicken skin side down. Brown the chicken over a medium-high heat for about 5 minutes on one side. Remove the skillet with the chicken to a preheated 350-degree oven and bake for 30 to 40 minutes or until the chicken is crisp and the juices run clear.
Smash the garlic slightly with a knife and rub into the chicken well. Salt and pepper the chicken and cover with the herbs. Dribble with a little of the vegetable or olive oil. Cover and leave in the refrigerator overnight, turning the herbs and chicken once.
Remove the herbs from the chicken. Heat a heavy ovenproof skillet large enough to hold all the pieces. Add the remaining tablespoon or 2 of the oil and place the chicken skin side down. Brown the chicken over a medium-high heat for about 5 minutes on one side.
Remove the skillet with the chicken to a preheated 350-degree oven and bake for 30 to 40 minutes or until the chicken is crisp and the juices run clear.",0.3849776398742236
54,Easy Italian  Chicken,chicken garlic vegetable,"8 chicken legs, halved  , 4 cloves garlic  , 1 tablespoon crushed red pepper flakes  , 1 tablespoon vegetable oil  , salt to taste  , 1/2 cup water  ,  ","In a large skillet, brown the chicken pieces in oil and cook for about 15 minutes over medium heat.
Crush garlic cloves and squeeze over chicken. Cover skillet and cook over low heat for 10 minutes each side. Remove cover, sprinkle with red pepper flakes and salt to taste, add water and simmer over low heat until water evaporates and the chicken pieces are sticky and yummy!
",0.3849776398742236
55,Deep South Fried Chicken,allpurpose flour chicken,"1 cup shortening  , 2 cups all-purpose flour  , 1 teaspoon salt  , 1 teaspoon ground black pepper  , 1 (2 to 3 pound) whole chicken, cut into pieces  ,  ","Heat the shortening in a large, cast iron skillet over medium-high heat.
In a brown paper lunch bag, combine the flour, salt, and pepper. Shake two chicken pieces in the bag to coat, and place them in the skillet. Repeat until all of the chicken is coated and in the skillet.
Fry the chicken over medium-high heat until all of the pieces have been browned on both sides. Turn the heat to medium-low, cover, and cook for 25 minutes. Remove the lid, and increase heat to medium-high. Continue frying until chicken pieces are a deep golden brown, and the juices run clear.
",0.38596492309529695
56,Super Easy Slow Cooker Chicken Enchilada Meat,chicken broth tomato allpurpose flour garlic chicken breast,"2 cups chicken broth  , 1 (14.5 ounce) can diced tomatoes  , 1/3 cup chili powder  , 1/2 cup all-purpose flour  , 1 clove garlic  , 2 teaspoons ground cumin  , 1 teaspoon oregano  , 1 teaspoon salt, or to taste  , 1 pinch cayenne pepper, or more to taste (optional)  , 4 skinless, boneless chicken breast halves  ,  ","Blend chicken broth, tomatoes, chili powder, flour, garlic, cumin, oregano, salt, and cayenne pepper in a blender until smooth.
Put chicken breast in bottom of a slow cooker; pour blended enchilada sauce over the chicken.
Cook on Low 8 to 9 hours (or 4 to 6 hours on High). Shred the chicken with 2 large forks and stir into the sauce.
",0.3906101327735415
57,Asian Grilled Chicken,chicken stock soy sugar garlic chicken breast,"1 3/4 cups Swanson(r) Chicken Stock, 2 tablespoons soy sauce, 1 tablespoon vinegar, 1 teaspoon sugar, 1 teaspoon garlic powder, 1/8 teaspoon crushed red pepper, 4 skinless, boneless chicken breast halves","Stir the stock, soy sauce, vinegar, sugar, garlic powder and red pepper in a shallow nonmetallic dish or a gallon-size resealable plastic bag. Add the chicken and turn to coat. Cover the dish or close the bag and refrigerate for 1 hour. Remove the chicken from the marinade.
Lightly oil the grill rack and heat the grill to medium. Grill the chicken for 15 minutes or until it's cooked though, turning and brushing often with the marinade.
Heat the remaining marinade in a 1-quart saucepan over medium-high heat to a boil and serve with the chicken.",0.3940673776961934
58,Super Easy Chicken Noodle Soup,chicken meat chicken egg noodle,"1 pound boneless, skinless chicken meat  , 4 cubes chicken bouillon  , 8 cups water  , 2 cups thin egg noodles  ,  ","Measure water into a large pot, and add chicken and chicken bouillon. Boil until chicken is fully cooked.
Remove chicken from the broth. Chop into small pieces, and return meat to the pot.
Add egg noodles, and cook until tender.
",0.3960769152232849
59,Chicken Noodle Soup II,egg milk allpurpose flour chicken broth celery onion carrot garlic chicken meat kernel chicken,"2 eggs  , 4 tablespoons milk  , 1 teaspoon salt  , 2 cups all-purpose flour  , 8 cups chicken broth  , 2 cups diced celery  , 1 cup diced onion  , 3 cups baby carrots, chopped  , 2 teaspoons minced garlic  , 1 pound chopped, cooked chicken meat  , 1 (16 ounce) package frozen corn kernels  , salt and pepper to taste  , seasoned salt to taste  , 1 cube chicken bouillon  ,  ","Mix eggs and milk together until well beaten and then add salt and flour. Dough should be stiff. On a floured surface roll dough out really thin, 1/8 of an inch. Let dry 30 minutes and then cut into thin slices. Place on wax paper and let air dry.
In a large stock pot add chicken broth, celery, onion, baby carrots, and garlic. Fill stock pot, 2 inches from the top with water. Simmer until vegetables are tender, about 2 hours.
Add chicken and corn. Season with salt, pepper, seasoning salt and chicken bouillon granules. Simmer for 30 minutes, checking to see if water level has decreased. Add water if needed.
Bring to a boil, add noodles, stirring often. Noodles should be done in 20 minutes. Serve hot.
",0.397219738031677
60,Caldo De Pollo (Mexican Chicken Soup),soup stock chicken broth chicken tender chicken granulated garlic onion rice chicken broth rice avocado,"Soup Stock:  , 6 cups chicken broth  , 1 cup water  , 1 1/4 pounds chicken tenders  , 3 extra large chicken bouillon cubes (such as Knorr(r))  , 1 tablespoon olive oil  , 2 teaspoons granulated garlic  , 2 teaspoons ground cumin  , salt and ground black pepper to taste  , 1/2 large white onion, chopped, or to taste  , Rice:  , 2 cups chicken broth  , 1 cup white rice  , 1 teaspoon chili powder  , Garnish:  , 1 avocado - peeled, pitted, and thinly sliced  , 1 bunch fresh cilantro, chopped  ,  ","Combine 6 cups chicken broth, water, chicken tenders, chicken bouillon cubes, olive oil, granulated garlic, cumin, salt, and pepper in a large pot; bring to a boil. Reduce heat, cover pot, and simmer until chicken is cooked through, about 25 minutes. Gently shred chicken using 2 forks. Add onion to broth and simmer for about 5 more minutes.
Bring 2 cups chicken broth, rice, and chili powder to a boil in a saucepan. Reduce heat to medium-low, cover, and simmer until the rice is tender and liquid has been absorbed, about 25 minutes.
Spoon rice into each serving bowl and pour soup over rice. Garnish with avocado slices and cilantro.
",0.40149373696125046
61,Chicken Stew for the Soul,chicken chicken breast chicken onion unbleached flour mace butter egg milk,"1 chicken or 4 chicken breasts, 2 1/2 to 3 quarts water, 2 chicken bouillon cubes, 1/2 onion, chopped, 4 cups unbleached white flour, 1 teaspoon salt, Dash of mace, 1 tablespoon cold butter, 2 eggs, 1 cup milk","In a large pot, cover the chicken with water, and bring to a full boil. Reduce heat, add chicken bouillon cubes and onion, and continue cooking chicken at a low boil until chicken is done, but not quite falling off the bone, approximately 30 minutes. Turn off the heat; remove the chicken from broth and remove skin and bones. Cut up and return to the broth-heat still off. Mix flour, salt, and mace in a large bowl. Crumble the butter into the flour with a fork, and add the eggs and milk. Mix with a strong wooden spoon until the dough is smooth. Divide dough into four portions to make it easy to work with. On a well-floured surface, roll the dough to a 1/4-inch thickness. Put the broth back on the heat and bring to a rolling boil. Cut the rolled-out dough into 2 to 3-inch squares and drop them into the boiling broth. Stir occasionally to keep the dough from sticking together as it boils. After all the dough has been dropped in the pot, turn the heat down to low, and simmer the ""pop-eye"", lid on, for about 20 minutes. When it becomes irresistibly creamy and thick.",0.40463675964801826
62,Chicken Legs Steamed with Thyme,onion button mushroom chicken breast port chicken stock chicken thigh chicken broth stock extravirgin butter lemon,"2 tablespoons olive oil, 1 small onion, minced, 2 ounces button mushrooms, quartered, 8 ounces skinless, boneless chicken breast, chopped, Salt and freshly ground black pepper, 1/4 cup port, 1/2 cup chicken stock, 2 tablespoons chopped parsley leaves, 4 chicken legs with thighs, 1 quart chicken broth or stock, 3 or 4 fresh thyme sprigs, 2 tablespoons extra-virgin olive oil, 1/2 bunch watercress, 3 tablespoons unsalted butter, Salt and pepper, 1/2 lemon, juiced","Heat a large saute pan over medium-high heat. Add the olive oil and heat. When the oil is hot, add the onions and cook for 1 minute. Add the mushrooms and chicken and cook until the mushrooms begin to give off their liquid and the chicken is no longer pink. Season with salt and pepper. Remove from the heat and add the port. Return to the heat and cook until the port is reduced by 1/4. Be careful as the mixture may ignite. Add the chicken stock and cook for 2 minutes. With a slotted spoon, remove the chicken and mushroom mixture and place in a bowl. Return the pan to the heat and reduce the liquid down until it is a syrupy consistency, about 5 minutes. Add the reduced liquid to the chicken mixture. Add the parsley and mix well. Cool.
Remove the bone from the thigh to the first joint of the leg. Reserve the bones and scraps for the steaming liquid. You can ask your butcher to do this for you. Season the legs, inside and out, with salt and pepper. Lay the legs down, skin-side down. Place 1/4 cup of the cooled filling inside each leg. Fold the meat over the filling and secure closed with a toothpick.
In the bottom of a steamer, combine the chicken stock, reserved bones, thyme, and olive oil and bring to a boil.
Place the steamer basket in the steamer. Add the chicken legs in 1 layer and cover. Steam until the chicken is cooked through, about 20 to 25 minutes.
Remove the chicken legs from the steamer and keep warm while you make the sauce. Place 1/2 cup of the steaming liquid in a blender. Add the watercress and blend well. With the blender running on low, add the butter, a little bit at a time. Season with salt, pepper, and lemon juice.
Slice the boneless part of the chicken leg into 3 slices. Place some sauce on a plate and top with the chicken leg.",0.40904413344731716
63,Kathy's Delicious Whole Slow Cooker Chicken,chicken chicken broth soy lemon sesame garlic,"1 (3 pound) whole chicken, skin removed  , 1/2 cup chicken broth  , 1/3 cup soy sauce  , 1/3 cup olive oil  , 1/4 cup honey  , 1 teaspoon Worcestershire sauce  , 2 teaspoons balsamic vinegar  , 2 teaspoons lemon juice  , 1 teaspoon sesame oil  , 2 tablespoons minced garlic  ,  ","Remove skin from chicken, and empty inner cavity of contents within. Pat chicken dry with a paper towel, and place inside the slow cooker.
In a bowl, stir together the chicken broth, soy sauce, olive oil, honey, Worcestershire sauce, balsamic vinegar, lemon juice, sesame oil, and minced garlic. Pour mixture over chicken, and cover.
Cook chicken on low setting for 8 hours, or 4 hours on high setting.
",0.4103285368897208
64,Amazing Slow Cooker Orange Chicken,vegetable allpurpose flour cream chicken soup chicken breast chicken broth sugar orange concentrate,"2 tablespoons vegetable shortening  , 1/4 cup all-purpose flour  , 1 (10.75 ounce) can condensed cream of chicken soup  , 1/2 teaspoon seasoned salt  , 1/4 teaspoon pepper  , 1/4 teaspoon salt  , 4 skinless, boneless chicken breast halves  , 1/2 cup chicken broth  , 2 teaspoons brown sugar  , 1/3 cup frozen orange juice concentrate  ,  ","Heat the shortening in a skillet over medium-high heat. In a bowl, mix the flour, condensed soup, seasoned salt, pepper, and salt. Dip chicken in the mixture to coat, and fry in the skillet until golden brown.
Place chicken in a slow cooker. Mix the chicken broth, brown sugar, and orange juice concentrate in a bowl, and pour over chicken in the slow cooker.
Cover, and cook 2 to 3 hours on Low or 1 to 2 hours on High.
",0.410826173483022
65,Grapes and Rice Stir Fry,vegetable grape chicken rice chicken broth,"1 tablespoon vegetable oil  , 1 cup sliced red grapes  , 1 cup cubed cooked chicken  , 2 cups cooked rice  , 1/4 cup chicken broth  ,  ","Heat the vegetable oil in a wok or large skillet over medium high heat. Stir in the grapes and chicken; cook and stir until the chicken is hot, and the grapes are tender, about 3 minutes. Add the rice and chicken broth; continue cooking until the rice is hot, about 2 minutes more.
",0.4129485167412076
66,Pan-Roasted Rosemary Chicken ,garlic chicken shallot lowsodium chicken broth butter,"2 tablespoons chopped fresh rosemary, 4 garlic cloves, chopped, divided, 3 tablespoons olive oil, divided, 1 3 1/2-4-pound chicken, quartered, Kosher salt, freshly ground pepper, 1 small shallot, finely chopped, 1 tablespoon fresh thyme leaves, 3/4 cup low-sodium chicken broth, 2 tablespoons unsalted butter, cut into pieces","Mix rosemary, half of garlic, and 2 tablespoons oil in a small bowl; rub over flesh side of chicken. Cover; chill 1-12 hours. Place a rack in lower third of oven; preheat to 400degF. Pat skin side of chicken dry; season with salt and pepper. Heat remaining 1 tablespoon oil in a large ovenproof skillet over medium-high heat. Add chicken, skin side down, and cook until golden brown, about 5 minutes. Transfer to oven; roast until an instant-read thermometer inserted in the thickest part of thigh registers 165degF, 20-25 minutes. Transfer chicken, skin side up, to a plate. Cook shallot, thyme, and remaining half of garlic in skillet, stirring occasionally, until softened, about 2 minutes. Add broth and cook, scraping up browned bits, until reduced by half, about 3 minutes. Gradually whisk in butter. Serve chicken with pan sauce.
Mix rosemary, half of garlic, and 2 tablespoons oil in a small bowl; rub over flesh side of chicken. Cover; chill 1-12 hours.
Place a rack in lower third of oven; preheat to 400degF. Pat skin side of chicken dry; season with salt and pepper. Heat remaining 1 tablespoon oil in a large ovenproof skillet over medium-high heat. Add chicken, skin side down, and cook until golden brown, about 5 minutes.
Transfer to oven; roast until an instant-read thermometer inserted in the thickest part of thigh registers 165degF, 20-25 minutes. Transfer chicken, skin side up, to a plate.
Cook shallot, thyme, and remaining half of garlic in skillet, stirring occasionally, until softened, about 2 minutes. Add broth and cook, scraping up browned bits, until reduced by half, about 3 minutes. Gradually whisk in butter. Serve chicken with pan sauce.",0.41330726489296776
67,Armenian Rice Pilaf,butter egg noodle rice chicken broth chicken,"1/2 cup butter  , 1 1/2 cups uncooked fine egg noodles  , 3 cups uncooked long grain white rice  , 5 (14.5 ounce) cans chicken broth  , 4 cubes chicken bouillon  ,  ","Melt butter in large saucepan over medium-high heat. Add the egg noodles and stir until they begin to brown, being careful not to burn the butter. Stir in the rice. Continue stirring until rice is coated with butter.
Pour in the chicken broth and add the bouillon cubes. Bring to a boil; reduce heat to low and cover tightly. Cook without uncovering pot until all the liquid has been absorbed, about 20 minutes.
",0.41485428895214127
68,Chicken Rotini Soup,chicken rotini pasta chicken broth celery onion carrot chicken garlic onion,"2 cubes chicken bouillon  , 1 (12 ounce) package rotini pasta  , 13 cups chicken broth  , 4 cups water  , 6 stalks celery, chopped  , 1 onion, chopped  , 4 carrots, chopped  , 1 1/2 pounds chicken - cut into bite size pieces  , garlic powder to taste  , 1 teaspoon onion powder  , salt and pepper to taste  ,  ","Place enough water in a 5 quart pot over high heat to boil the pasta. Place the bouillon in the water and bring to a boil. Place the rotini in the boiling water and cook according to package directions. Drain and set pasta aside.
In a large pot over high heat, combine the chicken broth and water. To this, add the celery, onion, carrots and chicken. Bring to a boil and stir in the reserved pasta. Reduce heat to medium low, let simmer and season with the garlic powder, onion powder and salt and pepper to taste. Cook 20 minutes, or until vegetables are tender and chicken is no longer pink. Serve hot.
",0.4159770692403171
69,Chicken Piccata,chicken breast allpurpose flour lemon chicken stock cream butter,"4 (6-ounce) chicken breasts, 2 cups all-purpose flour, seasoned with salt and pepper, 1/4 cup olive oil, 1/4 cup lemon juice, 2 cups chicken stock, 1 tablespoon capers, 1/3 cup unsalted sweet cream butter","Dust the chicken breasts with the seasoned flour; shake of any excess. Heat the olive oil in a heavy sided medium saute pan over medium heat and then add the chicken breasts. Saute until golden brown on both sides. Once the chicken breasts are browned, drain the oil and add the lemon juice, chicken stock, and capers to the pan with the chicken. Reduce for about 5 minutes, turning the chicken breasts halfway through. The chicken is done when it is firm to the touch. Turn off the heat and add the butter, stirring until melted. Put 1 chicken breast on each of 4 plates and drizzle with remainder of the sauce.",0.4162766346952885
70,Quick and Super Easy Chicken and Dumplings,biscuit milk chicken broth chicken,"2 1/4 cups biscuit baking mix  , 2/3 cup milk  , 2 (14 ounce) cans chicken broth  , 2 (10 ounce) cans chunk chicken, drained  ,  ","In a medium bowl, stir together the biscuit mix and milk just until it pulls together. Set aside.
Pour the cans of chicken broth into a saucepan along with the chicken; bring to a boil. Once the broth is at a steady boil, take a handful of biscuit dough and flatten it in your hand. Tear off 1 to 2 inch pieces and drop them into the boiling broth. Make sure they are fully immersed at least for a moment. Once all of the dough is in the pot, carefully stir so that the newest dough clumps get covered by the broth. Cover, and simmer over medium heat for about 10 minutes, stirring occasionally.
",0.4178025610534025
71,Chicken and Stuffing Casserole,chicken bread stuffing cream chicken soup cream celery soup chicken broth chicken evaporated milk,"1 (3 pound) whole chicken  , 8 ounces dry bread stuffing mix  , 1 (10.75 ounce) can condensed cream of chicken soup  , 1 (10.75 ounce) can condensed cream of celery soup  , 1 1/4 cups chicken broth (from boiling the chicken)  , 1 cup evaporated milk  ,  ","Preheat oven to 350 degrees F (175 degrees C).
Layer the deboned chicken meat in a lightly greased 9x13 inch baking dish. Sprinkle stuffing mix over the chicken layer.
In a large bowl mix together the soups, broth and evaporated milk. Stir well. Pour this mixture over the stuffing mix, making sure it gets to the bottom of the baking dish (poke around with a fork to let it saturate into the bottom layer). Bake in the preheated oven for 35 to 45 minutes, until it starts to bubble in the center.
",0.4180693953912352
72,Grilled Chicken Breasts and Pieces,chicken breast,"4 large whole chicken breasts, bone on, Salt and pepper","Remove and discard excess fat from chicken. Rinse and pat dry. Remove skin, if desired. Sprinkle with salt and pepper to taste. Arrange chicken, bone side down in center of cooking grate. Cover grill. Cook until meat near bone registers 165 degrees and is no longer pink and the juices run clear. Turn once during cooking.",0.4186986046107173
73,Baked Honey Mustard Chicken,chicken breast,"6 skinless, boneless chicken breast halves  , salt and pepper to taste  , 1/2 cup honey  , 1/2 cup prepared mustard  , 1 teaspoon dried basil  , 1 teaspoon paprika  , 1/2 teaspoon dried parsley  ,  ","Preheat oven to 350 degrees F (175 degrees C).
Sprinkle chicken breasts with salt and pepper to taste, and place in a lightly greased 9x13 inch baking dish. In a small bowl, combine the honey, mustard, basil, paprika, and parsley. Mix well. Pour 1/2 of this mixture over the chicken, and brush to cover.
Bake in the preheated oven for 30 minutes. Turn chicken pieces over and brush with the remaining 1/2 of the honey mustard mixture. Bake for an additional 10 to 15 minutes, or until chicken is no longer pink and juices run clear. Let cool 10 minutes before serving.
",0.4186986046107173
74,"Boneless, Skinless Chicken Breasts ",chicken breast,"Boneless, skinless chicken breasts, Olive oil, Kosher salt and freshly ground black pepper to taste","Grilling Method: Direct/Medium Heat Pat chicken dry (no need to rinse). Brush with oil and season with salt and pepper. Place chicken over direct heat in center of cooking grate and grill for about 15 minutes (depending on the size of the chicken breasts) turning only once about half way thru cooking time (about 7 minutes per side). Grill chicken until meat is no longer pink and the juices run clear. If using barbecue sauce, brush on chicken during the last 5 minutes of cooking time to prevent burning.
Grilling Method: Direct/Medium Heat
Pat chicken dry (no need to rinse). Brush with oil and season with salt and pepper. Place chicken over direct heat in center of cooking grate and grill for about 15 minutes (depending on the size of the chicken breasts) turning only once about half way thru cooking time (about 7 minutes per side). Grill chicken until meat is no longer pink and the juices run clear. If using barbecue sauce, brush on chicken during the last 5 minutes of cooking time to prevent burning.",0.4186986046107173
75,The Easiest Blackened Chicken,chicken breast,"4 skinless, boneless chicken breast halves  , 1 cup Worcestershire sauce  , 2 teaspoons ground black pepper  ,  ","In a large skillet combine the Worcestershire sauce and ground black pepper. Add the chicken and simmer over medium heat until the sauce begins to boil. Reduce heat to low and let simmer for 15 to 20 minutes. Turn chicken occasionally, spooning sauce over it. The sauce will thicken. Let cool and serve.
",0.4186986046107173
76,Chicken Things,chicken breast,"4 skinless, boneless chicken breast halves - cut into cubes  , 1/2 cup Worcestershire sauce  , 3/4 cup honey  , 1/2 teaspoon salt  , 1/4 teaspoon pepper  ,  ","In an electric skillet, combine the chicken cubes, Worcestershire sauce, 1/2 cup of honey, salt and pepper. Let sit for a minute to mingle the flavors, then turn the heat to 400 degrees F (200 degrees C). If using a regular skillet, turn the heat to medium-high.
Cook chicken for 20 minutes, stirring occasionally to prevent sticking. Drain off juices, and then add the remaining honey. Continue cooking until the sauce becomes thick and sticks to the chicken.
",0.4186986046107173
77,Chicken Scarpariello,chicken breast allpurpose flour butter shallot garlic wine chicken,"1 1/4 pounds skinless, boneless chicken breast halves  , 3 tablespoons all-purpose flour  , 2 tablespoons olive oil  , 2 teaspoons butter  , 2 tablespoons shallots, minced  , 2 cloves garlic, minced  , 1 cup water  , 1/2 cup white wine  , 1 cube chicken bouillon  , 1/2 teaspoon dried rosemary, crushed  , 1/4 teaspoon salt  , 1 pinch ground black pepper  ,  ","Cut chicken breasts into 1 x 3 inch strips, and dredge in flour.
In 10 inch skillet, heat oil and butter. Add chicken. Cook, turning occasionally, until lightly browned on all sides (3 to 4 minutes). Using tongs, remove chicken from skillet. Set aside and keep warm.
To same skillet, add shallots and garlic. Saute until softened (1 minute). Add water, wine, broth mix, and seasonings. Mix well. Cook, stirring frequently, until liquid is reduced by 1/2 (3 to 4 minutes). Return chicken to skillet, and cook until sauce is thick and chicken is heated through (2 to 3 minutes).
",0.4194470969924131
78,Home-Style Chicken Piccata,allpurpose flour garlic egg butter chicken breast chicken broth lemon,"1/2 cup all-purpose flour  , 2 teaspoons garlic powder  , 1 teaspoon paprika  , 1 egg  , 1/4 cup butter  , 1 pound skinless, boneless chicken breast halves  , 1 cup chicken broth  , 1/2 lemon  ,  ","Whisk flour, garlic powder, and paprika together in a bowl. Beat egg in a separate bowl. Melt butter in a skillet over medium heat.
Dip chicken in egg until coated. Dredge chicken through flour mixture until evenly coated, shaking off excess.
Fry chicken in the melted butter until browned, 2 to 3 minutes per side. Add chicken broth to skillet, cover, and cook until chicken is not longer pink in the center, about 20 minutes. Squeeze lemon over chicken.
",0.4196324683652195
79,Lemon Chicken Simmer,chicken breast allpurpose flour onion egg butter chicken broth lemon,"2 skinless, boneless chicken breast halves  , 1 cup all-purpose flour  , 1 teaspoon onion powder  , 1/2 teaspoon ground paprika  , 1/2 teaspoon ground black pepper  , 1 egg, beaten  , 1 tablespoon unsalted butter  , 3/4 cup Swanson(r) Unsalted Chicken Broth, divided  , 2 tablespoons lemon juice  , 2 tablespoons cornstarch  , 1/4 teaspoon dried dill weed (optional)  ,  ","Cut chicken breasts from one side through the middle horizontally to within one-half inch of the other side. Open the two sides and spread them out like an open book.
Mix flour, onion powder, paprika, and black pepper together in a shallow dish. Place beaten egg in a separate shallow dish. Dip the chicken in the flour mixture and coat evenly; dip chicken in beaten egg.
Melt butter in a large skillet over medium heat. Place chicken in the pan; brown on each side, about 6 minutes total.
Pour 1/2 cup Swanson(R) Unsalted Chicken Broth and lemon juice into the skillet. Cover and simmer chicken until no longer pink in the center and the juices run clear, about 15 minutes. An instant-read thermometer inserted into the center should read at least 165 degrees F (74 degrees C). Remove chicken and set aside; keep warm.
Whisk 2 tablespoons cornstarch and remaining 1/4 cup Swanson(R) Unsalted Chicken Broth together; add to the liquid in the pan. Increase heat to medium-high and stir frequently until sauce has thickened, about 5 minutes. Sprinkle chicken with dill. Serve sauce with chicken.
",0.4197391452168253
80,Quick Chicken Soup,chicken broth carrot onion garlic celery chicken breast,"2 (14.5 ounce) cans chicken broth  , 2 cups baby carrots  , 1 onion, chopped  , 1 clove garlic, minced  , 1/8 teaspoon celery salt  , 2 skinless, boneless chicken breast halves  , 1 tablespoon chopped fresh cilantro (optional)  ,  ","Bring the chicken broth to a boil in a medium saucepan over medium high heat. Add the carrots, onion, garlic and celery salt.
Reduce heat to low and add the chicken breast. Cover and simmer for 20 minutes.
Carefully remove the chicken breast, cut it into chunks and return it to the pot. Stir in the cilantro OR dill to taste.
",0.42256840289564757
81,Tater Crisp Chicken,chicken butter potato,"10 chicken legs  , 1 cup melted butter  , 2 cups dry potato flakes  ,  ","Preheat oven to 400 degrees F (200 degrees C).
Place melted butter or margarine in a shallow dish or bowl, then place potato flakes in a separate shallow dish or bowl. Roll chicken pieces in butter or margarine, then in potato flakes. Place coated chicken pieces in a 9x13 inch baking dish, skin side up.
Bake at 400 degrees F (200 degrees C) for 1 hour.
",0.4229120353579052
82,Chicken with 40 Cloves of Garlic,butter chicken garlic lemon,"2 tablespoons butter  , 1 tablespoon olive oil  , 1 whole chicken  , 40 cloves garlic  , 1/4 cup water  , 2 tablespoons lemon juice  , 1 teaspoon salt  , 1/2 teaspoon dried thyme  , 1/4 teaspoon ground black pepper  ,  ","Preheat an oven to 350 degrees F (175 degrees C).
Melt the butter with the olive oil in a large Dutch oven over medium-high heat. Add the chicken to the Dutch oven and brown on all sides in the butter and oil, 5 to 10 minutes. Remove the chicken to a cutting board.
Drain all but 2 tablespoons of liquid from the pan; stir the garlic cloves into the reserved liquid. Return the chicken to the pan; sprinkle the water, lemon juice, salt, thyme, and black pepper over the chicken; cover tightly.
Bake the chicken in the preheated oven until no longer pink at the bone and the juices run clear, about 90 minutes. An instant-read thermometer inserted into the thickest part of the thigh should read 180 degrees F (82 degrees C). Remove the chicken from the oven, cover with a doubled sheet of aluminum foil, and allow to rest in a warm area for 10 minutes before slicing.
",0.42322530691131455
83,Spicy Roasted Chicken Legs,butter lemon garlic chicken,"2 sticks butter, Juice of 2 to 3 lemons, 1/2 teaspoon salt, 1 teaspoon black pepper, 1 teaspoon cayenne pepper, 4 cloves garlic, minced, 24 whole chicken legs","Watch how to make this recipe.
Preheat the oven to 450 degrees F. Line baking sheets with foil.
Melt the butter in a saucepan. Add the lemon juice, salt, black pepper, cayenne and garlic, and stir. Set aside.
Rinse and pat the chicken legs dry. With metal tongs, dip them one by one into the butter mixture and place on the prepared baking sheets.
Once all of the chicken legs are coated and on the baking sheet, take a pastry brush and give them one last coating of the butter mixture.
Place them into the oven for 30 to 35 minutes, basting a couple of times during roasting. If they need a bit more color, turn on the broiler for a couple minutes and watch them closely.
Remove them when they are nice and golden brown and fully cooked.",0.42322530691131455
84,Easy Tasty Fried Chicken,chicken allpurpose vegetable,"2 pounds boneless chicken pieces  , 1 tablespoon seasoned salt  , 2 cups all-purpose baking mix (such as Bisquick(r))  , 2 cups water  , 1 quart vegetable oil for frying, or as needed  ,  ","Trim any fat from chicken breasts and cut each in half lengthwise. Place chicken pieces in a bowl and sprinkle with seasoned salt, turning chicken pieces to season all sides.
Place baking mix into a shallow bowl; pour water into a separate bowl. Gently press each seasoned chicken piece into the baking mix, dip quickly in water, and press chicken into baking mix again to coat thoroughly. Dip chicken once more quickly in water and coat a third time in baking mix. Tap off any loose baking mix.
Heat oil in a deep-fryer or large saucepan to 350 degrees F (175 degrees C).
Deep-fry the chicken pieces in batches in the hot oil until the coating is crisp and brown and the chicken is no longer pink inside, about 6 minutes per batch. An instant-read meat thermometer inserted into the thickest part of a breast should read at least 160 degrees F (70 degrees C).
",0.4235527101269386
85,White Chili IV,chicken breast onion garlic chile mushroom pinto bean onion wine chicken broth chicken,"1 tablespoon olive oil  , 4 skinless, boneless chicken breast halves - cubed  , coarsely ground black pepper to taste  , 1 large onion, chopped  , 6 cloves garlic, minced  , 3 green chile peppers, seeded and minced  , 1 green bell pepper, chopped  , 1 red bell pepper, chopped  , 1 (8 ounce) package mushrooms, sliced  , 3 (15 ounce) cans pinto beans  , 4 green onions, chopped  , 1 bunch fresh parsley, chopped  , 1 cup white wine  , 2 (14.5 ounce) cans chicken broth  , 2 cubes chicken bouillon  , 1 teaspoon dried rosemary  , 1 teaspoon dried thyme  , 1 tablespoon dried oregano  , 1 1/2 tablespoons ground cumin  , 2 bay leaves  ,  ","In a large pot over medium-high heat, cook chicken in olive oil with black pepper until brown. Stir in onion, garlic and chiles and cook until onion begins to soften.
Stir in bell peppers, mushrooms, beans, green onions and parsley. Pour in wine and chicken broth. Season with bouillon, rosemary, thyme, oregano and cumin. Place bay leaves in pot, cover, reduce heat and simmer 90 minutes.
",0.42490013073766797
86,Simple Chicken Gravy,allpurpose flour chicken dripping chicken,"1/2 cup all-purpose flour  , 1 cup water, or as needed  , 1 (3 pound) roasted chicken (drippings from chicken)  ,  ","Add water to the chicken drippings to make about 1 1/2 cups of liquid in the bottom of the roaster.
Whisk water into the flour until it is thick, but not pasty. Whisk the flour/water mixture into the drippings, and put the roaster on the stove over medium heat. Stir constantly until mixture is thickened and bubbly. Add salt and pepper to taste.
",0.42537286458635404
87,Dijon Chicken Breasts ,chicken broth onion garlic chicken breast well,"1/2 cup canned unsalted chicken broth, 1/2 small onion, finely chopped, 1/4 cup Dijon mustard, 4 garlic cloves, finely chopped, 1 teaspoon dried thyme, crumbled, 6 boneless skinless chicken breast halves, well trimmed","Combine first 5 ingredients in heavy large skillet. Bring to gentle simmer over medium-low heat. Add chicken and season with pepper. Cover and poach until chicken is just cooked through, about 20 minutes. Transfer chicken to platter. Boil liquid in skillet until reduced to sauce consistency, about 2 minutes. Pour sauce over chicken and serve.
Combine first 5 ingredients in heavy large skillet. Bring to gentle simmer over medium-low heat. Add chicken and season with pepper. Cover and poach until chicken is just cooked through, about 20 minutes. Transfer chicken to platter. Boil liquid in skillet until reduced to sauce consistency, about 2 minutes. Pour sauce over chicken and serve.",0.42700895802692085
88,Chicken Breasts with Balsamic Vinegar and Garlic,chicken breast mushroom allpurpose flour garlic chicken broth butter,"4 skinless, boneless chicken breasts  , salt and pepper to taste  , 3/4 pound fresh mushrooms, sliced  , 2 tablespoons all-purpose flour  , 2 tablespoons olive oil  , 6 cloves garlic  , 1/4 cup balsamic vinegar  , 3/4 cup chicken broth  , 1 bay leaf  , 1/4 teaspoon dried thyme  , 1 tablespoon butter  ,  ","Season the chicken with salt and pepper. Rinse the mushrooms and pat dry. Season the flour with salt and pepper and dredge the chicken breasts in the flour mixture. Heat oil in a skillet over medium high heat and saute the chicken until it is nicely browned on one side (about 3 minutes).
Add the garlic. Turn the chicken breasts and scatter the mushrooms over them. Continue frying, shaking the skillet and stirring the mushrooms. Cook for about 3 minutes, then add the vinegar, broth, bay leaf and thyme. Cover tightly and simmer over medium low heat for 10 minutes, turning occasionally.
Transfer the chicken to a warm serving platter and cover with foil. Set aside. Continue simmering the sauce, uncovered, over medium high heat for about 7 minutes. Swirl in the butter or margarine and discard the bay leaf. Pour this mushroom sauce mixture over the chicken and serve.
",0.4270312431900244
89,Dixie Stomp Cream of Vegetable Soup,onion carrot potato chicken rice soup asparagus chicken broth chicken garlic margarine cream,"1 onion, sliced  , 1 cup sliced carrots  , 1 potato - peeled and cubed  , 1 (10.5 ounce) can condensed chicken and rice soup  , 1 (15 ounce) can asparagus  , 2 (14.5 ounce) cans chicken broth  , 2 cubes chicken bouillon  , 1 bay leaf  , 1/4 teaspoon dried thyme  , 1/4 teaspoon ground black pepper  , 3 cloves garlic, minced  , 1 tablespoon margarine  , 3 cups heavy cream  ,  ","In a large saucepan over medium high heat, combine the carrots, onions, potato, soups, asparagus, broth, bouillon cubes, bay leaf, thyme, ground black pepper and margarine. Stir all together, bring to a boil, reduce heat to medium low and let simmer until all vegetables are tender.
Transfer to a blender or food processor in small batches and puree until smooth. (Note: This soup is meant to be totally smooth, so puree until there is no sign of visible vegetable pieces.)
Next, combine with the cream and mix all together until smooth and well blended. Return all to the saucepan and warm soup over medium low heat. (Note: Do not boil.)
",0.4274117923581534
90,Grandma's Chopped Liver,chicken liver egg onion chicken vegetable,"2 pounds chicken livers, rinsed and trimmed  , 2 eggs  , 3 onions  , 1 quart water  , 2 cubes chicken bouillon  , 2 tablespoons vegetable oil  , salt and pepper to taste  ,  ","Place the liver, whole eggs and one onion into a large saucepan with the water. Bring to a boil and stir in the chicken bouillon cubes. Simmer for one hour, then allow to cool.
Meanwhile, heat the oil in a large skillet over medium heat. Chop one onion and fry in the oil until tender. Chop the third onion and set aside. When the liver has cooled, grind together the liver, hard-cooked eggs and the three onions. Season with salt and pepper. Chill before serving.
",0.42743850684079754
91,Chicken Veloute ,chicken stock pan dripping chicken flour cream chicken base,"1 cup chicken stock, 2 tablespoons pan drippings (from frying chicken ), 2 tablespoons flour, 1 cup heavy cream, 1/2 teaspoon chicken base, 1/4 teaspoon black pepper","Pour stock into a saucepan, cover, and bring to a simmer. Heat pan drippings in the same skillet used to fry the chicken. Add flour to drippings and blend. Cook over medium heat, stirring constantly, for 1 to 2 minutes. Add stock to skillet; cook and stir until mixture thickens. Stir in cream, chicken base, and pepper. Simmer until desired consistency is reached. Strain into a serving bowl.
Pour stock into a saucepan, cover, and bring to a simmer. Heat pan drippings in the same skillet used to fry the chicken. Add flour to drippings and blend. Cook over medium heat, stirring constantly, for 1 to 2 minutes. Add stock to skillet; cook and stir until mixture thickens. Stir in cream, chicken base, and pepper. Simmer until desired consistency is reached. Strain into a serving bowl.",0.4308033049555453
92,Easy Rosemary Chicken,chicken breast cream chicken soup cream,"4 skinless, boneless chicken breasts  , 1 (10.75 ounce) can condensed cream of chicken soup  , 1 cup sour cream  , 1 tablespoon chopped fresh rosemary  ,  ","Preheat oven to 350 degrees F (175 degrees C).
Combine the soup, sour cream and rosemary. Mix well.
Place chicken pieces in a 9x13 inch baking dish, in a single layer. Pour rosemary mixture over chicken and bake in the preheated oven for 30 to 40 minutes, or until chicken is cooked through and juices run clear. Let cool 10 minutes and serve.
",0.43238836350790266
93,Chunky Chicken Noodle Soup,chicken stock chicken chicken breast egg noodle pea carrot carrot celery onion,"3 quarts water  , 1 (32 fluid ounce) container chicken stock  , 8 cubes chicken bouillon  , 3 skinless, boneless chicken breast halves, cut into 1-inch pieces  , 4 cups egg noodles  , 1 cup frozen peas and carrots  , 2 carrots, chopped  , 2 stalks celery, chopped  , 1/4 cup onion, chopped  , 1 teaspoon salt  , 1 teaspoon ground black pepper  , 1/4 teaspoon dried basil  , 1/8 teaspoon crushed bay leaf  , 1/8 teaspoon dried oregano  ,  ","Bring water, chicken stock, and chicken bouillon to a boil in a large stock pot. Add chicken breast, egg noodles, peas and carrots, chopped carrots, celery, onion, salt, black pepper, basil, bay leaf, and oregano. Continue to boil, uncovered, for 20 minutes. Reduce heat to medium and simmer until chicken is no longer pink in the center and noodles are tender, 5 to 10 minutes more.
",0.4334890069186055
94,Tina's Best BBQ Lime Chicken,chicken lime garlic,"1 (4 pound) chicken, cut into pieces  , 2 teaspoons seasoning salt  , 2 teaspoons ground black pepper  , 1/2 teaspoon cayenne pepper  , 1 1/2 cups fresh lime juice  , 1 cup olive oil  , 8 cloves garlic, minced  , 1/2 cup chopped fresh cilantro  ,  ","Wash chicken parts. Pat dry thoroughly. Pierce all pieces with a fork. In a small bowl, combine the seasoning salt, ground black pepper and cayenne pepper. Rub all chicken parts with the spices, then place the chicken into a large, resealable plastic bag.
In a separate medium bowl, combine the lime juice, olive oil, garlic and cilantro. Mix well and pour into the bag with the chicken. Seal and let marinate in the refrigerator for at least 2 hours.
Preheat an outdoor grill for low heat and lightly oil grate.
Remove chicken from the refrigerator and pour marinade into a small saucepan over medium high heat. Bring to a boil for about 1 to 2 minutes.
Grill chicken for about 1 1/2 hours. Brush with the marinade every 15 minutes. Chicken is done when juices run clear.
",0.43359862008121786
95,Sour Cream Chicken Paprika,chicken breast vegetable onion butter chicken stock allpurpose flour cream,"4 skinless, boneless chicken breast halves  , 1 1/2 tablespoons vegetable oil  , 1 cup chopped onion  , 1 1/2 tablespoons butter  , 2 tablespoons paprika  , 1/2 teaspoon salt  , 2 cups chicken stock  , 1 teaspoon all-purpose flour  , 1 (8 ounce) container sour cream  ,  ","You can leave breasts whole or cut them up, whatever your preference. In a large skillet, heat oil over medium-high heat. Add chicken and pan-fry until cooked through and juices run clear, about 10 minutes. Remove chicken from skillet and set aside.
Using the same skillet, cook onion in butter until translucent but not brown, about 5 to 8 minutes. Season with paprika and salt. Pour chicken stock into the pan, and bring all to a boil. Reduce heat to simmer; mix flour with sour cream until smooth, then whisk into chicken stock. Place chicken in skillet; simmer until chicken is heated through and sauce has thickened.
",0.43410716685146067
96,Baked Lemon Chicken with Mushroom Sauce,chicken breast lemon butter mushroom allpurpose flour chicken broth,"1 tablespoon olive oil  , 6 skinless, boneless chicken breast halves  , 1 lemon  , 1/4 cup butter  , 3 cups fresh sliced mushrooms  , 2 tablespoons all-purpose flour  , 1/2 cup chicken broth, or more as needed  , 1 tablespoon chopped fresh parsley  ,  ","Preheat oven to 400 degrees F (205 degrees C).
Pour olive oil in an 8x8-inch glass baking dish. Place the chicken breasts in the dish, coating each side with oil. Squeeze the juice of 1/2 lemon over each chicken breast. Slice the rest of the lemon and place a lemon slice on top of each chicken piece.
Bake in the preheated oven until no longer pink in the center and the juices run clear, 30 to 40 minutes. An instant-read thermometer inserted into the center should read at least 165 degrees F (74 degrees C).
Melt butter in a skillet over medium heat; add mushrooms. Cook and stir until mushrooms are brown and liquid is evaporated, about 6 minutes. Sprinkle flour over mushrooms and stir until coated. Add chicken broth, stirring to make a medium-thick sauce. Allow sauce to reduce, adjusting with a little more broth to make a creamy sauce. Add fresh parsley at the last minute. Spoon the sauce over the baked chicken breasts.
",0.43440783092022583
97,Delicious Easy Chicken Francese,allpurpose flour egg chicken breast wine chicken broth butter lemon,"1/2 cup all-purpose flour  , 4 eggs, beaten  , 1 pound skinless, boneless chicken breast halves  , 1/2 cup white wine  , 2 cups chicken broth  , 1 teaspoon chopped fresh parsley  , salt and pepper to taste  , 1/4 cup butter  , 2 lemons, juiced  , 1 teaspoon cornstarch  ,  ","Coat chicken with flour, then egg beat, then saute in a large skillet until almost cooked through. Drain on paper toweling.
Preheat oven to 300 degrees F (150 degrees C).
In a medium saucepan combine the wine, broth, parsley, salt and pepper to taste, butter or margarine and lemon juice over medium low heat. Stir together while heating slowly. When butter or margarine has melted, slowly stir in cornstarch until sauce thickens slightly. Place chicken in a 9x13 inch baking dish and pour sauce over all.
Bake at 300 degrees F (150 degrees C) for about 10 to 15 minutes, or until chicken is cooked through and juices run clear.
",0.43453154399808036
98,Chicken and Dumplings II,chicken chicken poultry garlic onion celery carrot potato tomato chicken broth allpurpose flour buttermilk milk,"1 (4 pound) whole chicken  , 3 cups water  , 3 cubes chicken bouillon  , 1 pinch poultry seasoning  , 1 pinch dried thyme  , 1 dash garlic powder  , 1 pinch dried sage  , 1/8 teaspoon salt  , 1/8 teaspoon ground black pepper  , 1 onion, chopped  , 1 1/2 cups chopped celery  , 1 cup chopped carrots  , 2 potatoes, cubed  , 1/4 cup chopped green bell pepper  , 1/4 cup chopped tomatoes  , 1 (10.75 ounce) can condensed chicken broth  , 2 tablespoons all-purpose flour  , salt and pepper to taste  , 2 cups buttermilk baking mix  , 1/8 teaspoon chopped fresh parsley  , 1/4 teaspoon ground black pepper  , 1 cup milk  ,  ","In a large pot over medium high heat, combine the chicken, water, bouillon, poultry seasoning, thyme, garlic powder, sage and salt and pepper. Bring to a boil, reduce heat to low and allow to simmer. Add the onion, celery, carrots, potatoes, green bell pepper and tomatoes, cover pot and allow to simmer for one hour, or until vegetables are tender and chicken is done.
In a separate small bowl, combine the flour, buttermilk baking mix, parsley, ground black pepper and milk. Mix together well and form into little balls. Drop these balls into the simmering soup. Simmer for 5 more minutes.
Remove chicken, debone, take off skin, chop the chicken meat and return to pot. Heat through and serve.
",0.4347666046101215
99,30 Minute Almond Chicken by Minute(r) Rice,chicken thigh chicken broth bean rice,"8 boneless, skinless chicken thighs  , 1/4 cup Italian dressing  , 1 1/2 cups chicken broth  , 2 cups green beans, trimmed, halved  , 1 cup Minute(r) White Rice, uncooked  , 1/4 cup almonds, sliced  ,  ","Toss chicken with dressing in sealable plastic bag. Add chicken with dressing to large nonstick skillet on medium-high heat; cook 4 minutes on each side or until browned.
Stir in broth; bring to boil. Cover and simmer 10 minutes. Add beans; cook 5 minutes or until chicken is cooked through (170 degrees F).
Remove chicken from skillet. Add rice and almonds. Remove from heat; cover. Let stand 5 minutes. Serve chicken over rice mixture.
",0.4348049832276032
